{"s_min": -0.21238060297412675, "s_max": 0.26692679931893387}